{"cameraMode":{"drawMode":0,"name":"Shaded","section":"Shading Mode"},"sceneLighting":false,"audioPlay":false,"sceneViewState":{"showFog":true,"showMaterialUpdate":false,"showSkybox":false,"showFlares":true,"showImageEffects":true,"showParticleSystems":true},"in2DMode":false,"pivot":{"x":-3.009999990463257,"y":0.15000002086162568,"z":4.699999809265137},"rotation":{"x":0.22310635447502137,"y":0.00584863917902112,"z":-0.0013380821328610182,"w":0.9747870564460754},"size":0.6062207221984863,"orthographic":true}